id,desire,description
Desire_1.1563800835176587e+19_Eat,Eat,This person wants to Eat
Desire_8.563214790286262e+18_Eat,Eat,This person wants to Eat
Desire_1.410556247153235e+19_Eat,Eat,This person wants to Eat
Desire_6.908642153813615e+18_Eat,Eat,This person wants to Eat
Desire_5.109323705797475e+18_Eat,Eat,This person wants to Eat
Desire_1.7871660849403302e+19_Eat,Eat,This person wants to Eat
Desire_1.318586915890715e+19_Eat,Eat,This person wants to Eat
Desire_4.417267054135099e+18_Eat,Eat,This person wants to Eat
Desire_2.3807342863392045e+17_Eat,Eat,This person wants to Eat
Desire_8.141223190771339e+16_Eat,Eat,This person wants to Eat
Desire_5.37683722103411e+18_Eat,Eat,This person wants to Eat
Desire_2.649691170781562e+18_Eat,Eat,This person wants to Eat
Desire_7.335277656098461e+18_Eat,Eat,This person wants to Eat
Desire_4.145686520066749e+18_Eat,Eat,This person wants to Eat
Desire_7.637704439245793e+17_Eat,Eat,This person wants to Eat
Desire_1.5103389111598223e+19_Eat,Eat,This person wants to Eat
Desire_1.655812198419673e+19_Eat,Eat,This person wants to Eat
Desire_3.004297327790549e+18_Eat,Eat,This person wants to Eat
Desire_2.860061490714453e+18_Eat,Eat,This person wants to Eat
Desire_9.878354198247422e+18_Eat,Eat,This person wants to Eat
Desire_8.818717214375319e+18_Eat,Eat,This person wants to Eat
Desire_1.119216604246008e+19_Eat,Eat,This person wants to Eat
Desire_1.0819809593570198e+19_Eat,Eat,This person wants to Eat
Desire_8.343060365983444e+18_Eat,Eat,This person wants to Eat
Desire_2.5954766254297943e+18_Eat,Eat,This person wants to Eat
Desire_1.003518118082739e+19_Eat,Eat,This person wants to Eat
Desire_1.4612949027900756e+19_Eat,Eat,This person wants to Eat
Desire_1.4135146416864113e+19_Eat,Eat,This person wants to Eat
Desire_1.0362697716261771e+19_Eat,Eat,This person wants to Eat
Desire_7.028593803255549e+18_Eat,Eat,This person wants to Eat
Desire_1.4520532473396908e+19_Eat,Eat,This person wants to Eat
Desire_1.1557086312769458e+19_Eat,Eat,This person wants to Eat
Desire_8.950777342993586e+18_Eat,Eat,This person wants to Eat
Desire_8.898380673366748e+18_Eat,Eat,This person wants to Eat
Desire_8.989466393510802e+18_Eat,Eat,This person wants to Eat
Desire_1.5628338731341734e+18_Eat,Eat,This person wants to Eat
Desire_1.101748412271408e+18_Eat,Eat,This person wants to Eat
Desire_4.928231485155644e+18_Eat,Eat,This person wants to Eat
Desire_1.6530016242117722e+19_Eat,Eat,This person wants to Eat
Desire_5.834601769679265e+18_Eat,Eat,This person wants to Eat
Desire_7.704130684440818e+18_Eat,Eat,This person wants to Eat
Desire_1.3931861546668503e+19_Eat,Eat,This person wants to Eat
Desire_1.0272373421477472e+19_Eat,Eat,This person wants to Eat
Desire_1.251301497021248e+19_Eat,Eat,This person wants to Eat
Desire_1.203741548188229e+18_Eat,Eat,This person wants to Eat
Desire_2.900139652914658e+18_Eat,Eat,This person wants to Eat
Desire_5.658908781779897e+18_Eat,Eat,This person wants to Eat
Desire_9.83815425372837e+18_Eat,Eat,This person wants to Eat
Desire_4.698620789281278e+18_Eat,Eat,This person wants to Eat
Desire_5.600573896601125e+18_Eat,Eat,This person wants to Eat
Desire_1.1723238080545704e+19_Eat,Eat,This person wants to Eat
Desire_4.410520390697605e+18_Eat,Eat,This person wants to Eat
Desire_1.1733606003232844e+19_Eat,Eat,This person wants to Eat
Desire_5.791859251458768e+18_Eat,Eat,This person wants to Eat
Desire_1.267324823617798e+19_Eat,Eat,This person wants to Eat
Desire_8.92513288719831e+18_Eat,Eat,This person wants to Eat
Desire_8.553580611791538e+18_Eat,Eat,This person wants to Eat
Desire_1.6049066168363436e+19_Eat,Eat,This person wants to Eat
Desire_8.405740815040349e+18_Eat,Eat,This person wants to Eat
Desire_1.76880083584285e+19_Eat,Eat,This person wants to Eat
Desire_9.71112725889176e+18_Eat,Eat,This person wants to Eat
Desire_6.463785917403126e+18_Eat,Eat,This person wants to Eat
Desire_1.492150052665509e+19_Eat,Eat,This person wants to Eat
Desire_3.9591044848279895e+18_Eat,Eat,This person wants to Eat
Desire_1.6785930191153362e+18_Eat,Eat,This person wants to Eat
Desire_1.5126190995487807e+19_Eat,Eat,This person wants to Eat
Desire_1.4000115867397431e+19_Eat,Eat,This person wants to Eat
Desire_8.008789565718747e+18_Eat,Eat,This person wants to Eat
Desire_1.4842424972240787e+19_Eat,Eat,This person wants to Eat
Desire_1.815829630765266e+18_Eat,Eat,This person wants to Eat
Desire_1.863599445565485e+18_Eat,Eat,This person wants to Eat
Desire_1.65898061299673e+19_Eat,Eat,This person wants to Eat
Desire_1.726236620391192e+19_Eat,Eat,This person wants to Eat
Desire_7.057193780741671e+18_Eat,Eat,This person wants to Eat
Desire_1.7073279599095048e+19_Eat,Eat,This person wants to Eat
Desire_6.365746840825283e+18_Eat,Eat,This person wants to Eat
Desire_9.71817438905961e+18_Eat,Eat,This person wants to Eat
Desire_1.7265434622699188e+19_Eat,Eat,This person wants to Eat
Desire_8.066610716575798e+18_Eat,Eat,This person wants to Eat
Desire_1.4462774740696412e+19_Eat,Eat,This person wants to Eat
Desire_1.3388054528052666e+19_Eat,Eat,This person wants to Eat
Desire_9.473037562591132e+18_Eat,Eat,This person wants to Eat
Desire_7.964279790178612e+17_Eat,Eat,This person wants to Eat
Desire_1.7184887631842111e+19_Eat,Eat,This person wants to Eat
Desire_8.495548297744896e+16_Eat,Eat,This person wants to Eat
Desire_1.420231534102627e+19_Eat,Eat,This person wants to Eat
Desire_1.632558206546652e+19_Eat,Eat,This person wants to Eat
Desire_1.480062425248657e+19_Eat,Eat,This person wants to Eat
Desire_1.169205523198298e+19_Eat,Eat,This person wants to Eat
Desire_1.790397594685099e+19_Eat,Eat,This person wants to Eat
Desire_1.3786326213215148e+19_Eat,Eat,This person wants to Eat
Desire_1.1249835490241788e+19_Eat,Eat,This person wants to Eat
Desire_7.852472024856084e+18_Eat,Eat,This person wants to Eat
Desire_1.5198245898938288e+19_Eat,Eat,This person wants to Eat
Desire_7.679642182284249e+18_Eat,Eat,This person wants to Eat
Desire_3.5407627448456264e+18_Eat,Eat,This person wants to Eat
Desire_1.6994516902492043e+19_Eat,Eat,This person wants to Eat
Desire_3.38728793076682e+18_Eat,Eat,This person wants to Eat
Desire_1.4154198862624342e+19_Eat,Eat,This person wants to Eat
Desire_1.0546680105945491e+19_Eat,Eat,This person wants to Eat
Desire_6.559050120976148e+17_Eat,Eat,This person wants to Eat
Desire_3.2195502414539745e+18_Eat,Eat,This person wants to Eat
Desire_8.614657759728568e+17_Eat,Eat,This person wants to Eat
Desire_2.5758891548993065e+18_Eat,Eat,This person wants to Eat
Desire_9.602495481937508e+18_Eat,Eat,This person wants to Eat
Desire_1.1294439450512085e+19_Eat,Eat,This person wants to Eat
Desire_1.4696821602560092e+19_Eat,Eat,This person wants to Eat
Desire_4.716224896610476e+18_Eat,Eat,This person wants to Eat
Desire_8.038733430529334e+18_Eat,Eat,This person wants to Eat
Desire_9.576423897848136e+18_Eat,Eat,This person wants to Eat
Desire_1.3085359775981447e+19_Eat,Eat,This person wants to Eat
Desire_1.1454223632361026e+19_Eat,Eat,This person wants to Eat
Desire_7.050409611445888e+18_Eat,Eat,This person wants to Eat
Desire_8.348149263224258e+18_Eat,Eat,This person wants to Eat
Desire_3.644519605235535e+18_Eat,Eat,This person wants to Eat
Desire_9.843266553892526e+18_Eat,Eat,This person wants to Eat
Desire_2.877559951403516e+18_Eat,Eat,This person wants to Eat
Desire_5.742265124617249e+18_Eat,Eat,This person wants to Eat
Desire_1.397061831309116e+19_Eat,Eat,This person wants to Eat
Desire_1.0179976950406846e+19_Eat,Eat,This person wants to Eat
Desire_8.679556010828074e+17_Eat,Eat,This person wants to Eat
Desire_1.6811581475933368e+19_Eat,Eat,This person wants to Eat
Desire_1.402932671446972e+19_Eat,Eat,This person wants to Eat
Desire_8.930538386920394e+18_Eat,Eat,This person wants to Eat
Desire_1.770190080817234e+19_Eat,Eat,This person wants to Eat
Desire_6.49514813978774e+18_Eat,Eat,This person wants to Eat
Desire_8.875504918583185e+18_Eat,Eat,This person wants to Eat
Desire_1.7140212303967184e+17_Eat,Eat,This person wants to Eat
Desire_8.257065520053765e+18_Eat,Eat,This person wants to Eat
Desire_1.0558192554984104e+19_Eat,Eat,This person wants to Eat
Desire_5.604352906150699e+18_Eat,Eat,This person wants to Eat
Desire_1.6837766039900574e+19_Eat,Eat,This person wants to Eat
Desire_6.655749755936605e+18_Eat,Eat,This person wants to Eat
Desire_1.28970693862744e+19_Eat,Eat,This person wants to Eat
Desire_7.100701500206086e+18_Eat,Eat,This person wants to Eat
Desire_1.134790409557064e+18_Eat,Eat,This person wants to Eat
Desire_1.5215535381069107e+19_Eat,Eat,This person wants to Eat
Desire_6.498621724941362e+18_Eat,Eat,This person wants to Eat
Desire_8.801267743651856e+18_Eat,Eat,This person wants to Eat
Desire_1.7283672716195068e+19_Eat,Eat,This person wants to Eat
Desire_1.4328706107248232e+19_Eat,Eat,This person wants to Eat
Desire_9.544169926338224e+18_Eat,Eat,This person wants to Eat
Desire_1.7369725252511394e+19_Eat,Eat,This person wants to Eat
Desire_1.5628411422323796e+19_Eat,Eat,This person wants to Eat
Desire_1.3368598351132406e+19_Eat,Eat,This person wants to Eat
Desire_8.506780085438988e+17_Eat,Eat,This person wants to Eat
Desire_6.820599448761313e+18_Eat,Eat,This person wants to Eat
Desire_1.6898744737933707e+19_Eat,Eat,This person wants to Eat
Desire_2.798913942389017e+18_Eat,Eat,This person wants to Eat
Desire_1.2742947182615153e+19_Eat,Eat,This person wants to Eat
Desire_1.5058922431599747e+19_Eat,Eat,This person wants to Eat
Desire_8.120083220689137e+18_Eat,Eat,This person wants to Eat
Desire_3.078795904896276e+18_Eat,Eat,This person wants to Eat
Desire_7.508580980419468e+18_Eat,Eat,This person wants to Eat
Desire_5.612890568669648e+18_Eat,Eat,This person wants to Eat
Desire_1.302377894726544e+19_Eat,Eat,This person wants to Eat
Desire_2.0531555955707151e+18_Eat,Eat,This person wants to Eat
Desire_1.5598686721366927e+19_Eat,Eat,This person wants to Eat
Desire_4.954872773805987e+18_Eat,Eat,This person wants to Eat
Desire_1.7317532017055048e+19_Eat,Eat,This person wants to Eat
Desire_8.439084807011885e+16_Eat,Eat,This person wants to Eat
Desire_5.311844921814668e+18_Eat,Eat,This person wants to Eat
Desire_9.589637960082964e+18_Eat,Eat,This person wants to Eat
Desire_5.528700012854392e+18_Eat,Eat,This person wants to Eat
Desire_1.0409043428980642e+19_Eat,Eat,This person wants to Eat
Desire_1.3096713423984632e+19_Eat,Eat,This person wants to Eat
Desire_3.915606233552235e+18_Eat,Eat,This person wants to Eat
Desire_3.362493514721592e+18_Eat,Eat,This person wants to Eat
Desire_3.5574978419928684e+18_Eat,Eat,This person wants to Eat
Desire_1.4343145025278087e+19_Eat,Eat,This person wants to Eat
Desire_1.3326534109162732e+18_Eat,Eat,This person wants to Eat
Desire_6.152542710069779e+18_Eat,Eat,This person wants to Eat
Desire_6.207551067600541e+17_Eat,Eat,This person wants to Eat
Desire_1.3636884576877984e+19_Eat,Eat,This person wants to Eat
Desire_5.425610975447628e+18_Eat,Eat,This person wants to Eat
Desire_4.490996124428694e+18_Eat,Eat,This person wants to Eat
Desire_8.747571590536831e+18_Eat,Eat,This person wants to Eat
Desire_1.0472194614955934e+19_Eat,Eat,This person wants to Eat
Desire_1.4582188431310975e+19_Eat,Eat,This person wants to Eat
Desire_1.800671247551186e+18_Eat,Eat,This person wants to Eat
Desire_1.300012518470546e+19_Eat,Eat,This person wants to Eat
Desire_1.4265287330705248e+19_Eat,Eat,This person wants to Eat
Desire_1.1015902919721644e+19_Eat,Eat,This person wants to Eat
Desire_1.7980187692383226e+19_Eat,Eat,This person wants to Eat
Desire_2.460085664085968e+18_Eat,Eat,This person wants to Eat
Desire_9.628242117426315e+18_Eat,Eat,This person wants to Eat
Desire_9.439905573704428e+18_Eat,Eat,This person wants to Eat
Desire_1.5670293381711978e+19_Eat,Eat,This person wants to Eat
Desire_3.3913554221078385e+18_Eat,Eat,This person wants to Eat
Desire_5.204756169157286e+18_Eat,Eat,This person wants to Eat
Desire_1.4673639068319971e+19_Eat,Eat,This person wants to Eat
Desire_7.7068801192842e+18_Eat,Eat,This person wants to Eat
Desire_1.4490172530421633e+19_Eat,Eat,This person wants to Eat
Desire_1.103004917634497e+19_Eat,Eat,This person wants to Eat
Desire_1.0895629330578108e+19_Eat,Eat,This person wants to Eat
Desire_6.106088314936803e+18_Eat,Eat,This person wants to Eat
Desire_9.576882948112742e+18_Eat,Eat,This person wants to Eat
Desire_3.384745142253633e+18_Eat,Eat,This person wants to Eat
Desire_1.7832640401104535e+18_Eat,Eat,This person wants to Eat
Desire_2.5134397511287286e+18_Eat,Eat,This person wants to Eat
Desire_1.3741970687613254e+19_Eat,Eat,This person wants to Eat
Desire_1.077074858382796e+19_Eat,Eat,This person wants to Eat
Desire_1.673636091416379e+19_Eat,Eat,This person wants to Eat
Desire_4.879725940627782e+18_Eat,Eat,This person wants to Eat
Desire_8.584242365119638e+18_Eat,Eat,This person wants to Eat
Desire_9.943062982941112e+18_Eat,Eat,This person wants to Eat
Desire_1.2425958201773525e+19_Eat,Eat,This person wants to Eat
Desire_1.2949257674360707e+19_Eat,Eat,This person wants to Eat
Desire_1.6119368570361293e+19_Eat,Eat,This person wants to Eat
Desire_8.878624306805962e+18_Eat,Eat,This person wants to Eat
Desire_9.233433420705829e+18_Eat,Eat,This person wants to Eat
Desire_1.826799760983292e+19_Eat,Eat,This person wants to Eat
Desire_1.6585580442135818e+17_Eat,Eat,This person wants to Eat
Desire_4.5686269623679534e+18_Eat,Eat,This person wants to Eat
Desire_5.092529830854624e+17_Eat,Eat,This person wants to Eat
Desire_1.511415701850992e+19_Eat,Eat,This person wants to Eat
Desire_1.4498676835317647e+19_Eat,Eat,This person wants to Eat
Desire_4.91410665874639e+18_Eat,Eat,This person wants to Eat
Desire_6.117401513114112e+18_Eat,Eat,This person wants to Eat
Desire_2.9494544426177864e+18_Eat,Eat,This person wants to Eat
Desire_1.1992862075275854e+19_Eat,Eat,This person wants to Eat
Desire_3.8329945632770417e+18_Eat,Eat,This person wants to Eat
Desire_1.6845625119897752e+19_Eat,Eat,This person wants to Eat
Desire_7.613394563582388e+17_Eat,Eat,This person wants to Eat
Desire_6.022203049391046e+18_Eat,Eat,This person wants to Eat
Desire_6.003394858957728e+18_Eat,Eat,This person wants to Eat
Desire_6.555918735367474e+18_Eat,Eat,This person wants to Eat
Desire_5.075311042608692e+18_Eat,Eat,This person wants to Eat
Desire_1.355050658128092e+19_Eat,Eat,This person wants to Eat
Desire_9.654314850872287e+18_Eat,Eat,This person wants to Eat
Desire_1.1602778792162005e+19_Eat,Eat,This person wants to Eat
Desire_8.382056893270845e+18_Eat,Eat,This person wants to Eat
Desire_7.473425645444086e+18_Eat,Eat,This person wants to Eat
Desire_1.0412904692099525e+19_Eat,Eat,This person wants to Eat
Desire_1.7708366161741535e+19_Eat,Eat,This person wants to Eat
Desire_1.482877229824555e+18_Eat,Eat,This person wants to Eat
Desire_2.5443861320714967e+18_Eat,Eat,This person wants to Eat
Desire_5.43681285526427e+18_Eat,Eat,This person wants to Eat
Desire_2.223313642263539e+18_Eat,Eat,This person wants to Eat
Desire_1.4752682277031487e+19_Eat,Eat,This person wants to Eat
Desire_7.403281847321115e+18_Eat,Eat,This person wants to Eat
Desire_1.1223339248842308e+19_Eat,Eat,This person wants to Eat
Desire_3.2994948736370616e+18_Eat,Eat,This person wants to Eat
Desire_7.391333562661061e+18_Eat,Eat,This person wants to Eat
Desire_1.1516102204093516e+19_Eat,Eat,This person wants to Eat
Desire_1.680868847502353e+19_Eat,Eat,This person wants to Eat
Desire_1.302742251980827e+19_Eat,Eat,This person wants to Eat
Desire_1.4268645440615668e+19_Eat,Eat,This person wants to Eat
Desire_1.6599886207530744e+19_Eat,Eat,This person wants to Eat
Desire_1.8454076977026003e+17_Eat,Eat,This person wants to Eat
Desire_4.718335468070107e+18_Eat,Eat,This person wants to Eat
Desire_1.7522897302625264e+19_Eat,Eat,This person wants to Eat
Desire_7.61228364592466e+18_Eat,Eat,This person wants to Eat
Desire_1.4104094704884898e+19_Eat,Eat,This person wants to Eat
Desire_1.7693825514042626e+19_Eat,Eat,This person wants to Eat
Desire_1.4330423110560805e+19_Eat,Eat,This person wants to Eat
Desire_2.1526971875358344e+18_Eat,Eat,This person wants to Eat
Desire_4.578398384458778e+18_Eat,Eat,This person wants to Eat
Desire_4.710975946767318e+18_Eat,Eat,This person wants to Eat
Desire_1.100681845727625e+19_Eat,Eat,This person wants to Eat
Desire_1.2217348216073382e+19_Eat,Eat,This person wants to Eat
Desire_2.4180624695827354e+18_Eat,Eat,This person wants to Eat
Desire_8.079464861003253e+18_Eat,Eat,This person wants to Eat
Desire_3.219302883773686e+18_Eat,Eat,This person wants to Eat
Desire_1.044773536472874e+19_Eat,Eat,This person wants to Eat
Desire_1.513424351324964e+19_Eat,Eat,This person wants to Eat
Desire_6.899830530853079e+17_Eat,Eat,This person wants to Eat
Desire_1.820464502629827e+19_Eat,Eat,This person wants to Eat
Desire_6.395159540504432e+18_Eat,Eat,This person wants to Eat
Desire_1.5133789658165856e+19_Eat,Eat,This person wants to Eat
Desire_1.483781131456833e+19_Eat,Eat,This person wants to Eat
Desire_7.037009041053383e+18_Eat,Eat,This person wants to Eat
Desire_1.0336124727961315e+19_Eat,Eat,This person wants to Eat
Desire_1.6475919354895747e+19_Eat,Eat,This person wants to Eat
Desire_1.6071379388639312e+19_Eat,Eat,This person wants to Eat
Desire_1.8237273036894296e+19_Eat,Eat,This person wants to Eat
Desire_1.8949209029902648e+18_Eat,Eat,This person wants to Eat
Desire_6.990528343319826e+17_Eat,Eat,This person wants to Eat
Desire_7.215276809161107e+18_Eat,Eat,This person wants to Eat
Desire_1.3010223813354682e+19_Eat,Eat,This person wants to Eat
Desire_1.6602100756123308e+19_Eat,Eat,This person wants to Eat
Desire_3.269449345913468e+18_Eat,Eat,This person wants to Eat
Desire_1.1170524194511316e+16_Eat,Eat,This person wants to Eat
Desire_1.425148589693024e+19_Eat,Eat,This person wants to Eat
Desire_5.469993779875333e+18_Eat,Eat,This person wants to Eat
Desire_9.578299975345525e+18_Eat,Eat,This person wants to Eat
Desire_7.441908632074316e+18_Eat,Eat,This person wants to Eat
Desire_4.891354268475821e+18_Eat,Eat,This person wants to Eat
Desire_1.001695433077752e+19_Eat,Eat,This person wants to Eat
Desire_1.7192242113900706e+19_Eat,Eat,This person wants to Eat
Desire_1.872823860117978e+18_Eat,Eat,This person wants to Eat
Desire_8.716639676220355e+18_Eat,Eat,This person wants to Eat
Desire_9.419482609824516e+18_Eat,Eat,This person wants to Eat
Desire_9.43368929834937e+18_Eat,Eat,This person wants to Eat
Desire_2.509797373913053e+18_Eat,Eat,This person wants to Eat
Desire_1.08761230293751e+18_Eat,Eat,This person wants to Eat
Desire_1.2388005909414504e+19_Eat,Eat,This person wants to Eat
Desire_3.4066223883884293e+18_Eat,Eat,This person wants to Eat
Desire_1.4048707906241108e+18_Eat,Eat,This person wants to Eat
Desire_1.2911411567410194e+18_Eat,Eat,This person wants to Eat
Desire_8.153787558042788e+18_Eat,Eat,This person wants to Eat
Desire_2.1973590376767603e+18_Eat,Eat,This person wants to Eat
Desire_1.502417864339076e+19_Eat,Eat,This person wants to Eat
Desire_5.781801916122772e+18_Eat,Eat,This person wants to Eat
Desire_1.081326318728512e+19_Eat,Eat,This person wants to Eat
Desire_1.1380992503695546e+19_Eat,Eat,This person wants to Eat
Desire_2.5680535385761674e+18_Eat,Eat,This person wants to Eat
Desire_9.710611725751406e+17_Eat,Eat,This person wants to Eat
Desire_9.44062574975155e+18_Eat,Eat,This person wants to Eat
Desire_2.2608444078579603e+17_Eat,Eat,This person wants to Eat
Desire_7.242881254040311e+18_Eat,Eat,This person wants to Eat
Desire_1.3096326232962406e+19_Eat,Eat,This person wants to Eat
Desire_6.991643529589642e+18_Eat,Eat,This person wants to Eat
Desire_2.46364957978424e+18_Eat,Eat,This person wants to Eat
Desire_3.98195325256219e+18_Eat,Eat,This person wants to Eat
Desire_4.318270330654222e+18_Eat,Eat,This person wants to Eat
Desire_1.633731629441619e+19_Eat,Eat,This person wants to Eat
Desire_1.7913510248815688e+19_Eat,Eat,This person wants to Eat
Desire_8.086472169186599e+18_Eat,Eat,This person wants to Eat
Desire_1.5652584407070362e+19_Eat,Eat,This person wants to Eat
Desire_4.013283932645439e+18_Eat,Eat,This person wants to Eat
Desire_1.8300771144951683e+19_Eat,Eat,This person wants to Eat
Desire_8.164501662485117e+18_Eat,Eat,This person wants to Eat
Desire_1.073595343418497e+19_Eat,Eat,This person wants to Eat
Desire_1.075091744469786e+19_Eat,Eat,This person wants to Eat
Desire_6.521055024774898e+18_Eat,Eat,This person wants to Eat
Desire_7.860298942750011e+18_Eat,Eat,This person wants to Eat
Desire_4.5437908672084193e+18_Eat,Eat,This person wants to Eat
Desire_1.6391674938384714e+18_Eat,Eat,This person wants to Eat
Desire_1.323891170367847e+19_Eat,Eat,This person wants to Eat
Desire_1.3984301097455366e+19_Eat,Eat,This person wants to Eat
Desire_1.4766898668692015e+19_Eat,Eat,This person wants to Eat
Desire_1.5822979331422992e+19_Eat,Eat,This person wants to Eat
Desire_1.1253380390154766e+19_Eat,Eat,This person wants to Eat
Desire_1.4848773001719206e+19_Eat,Eat,This person wants to Eat
Desire_5.492101182015846e+18_Eat,Eat,This person wants to Eat
Desire_2.4810066899866097e+18_Eat,Eat,This person wants to Eat
Desire_2.695900006524456e+18_Eat,Eat,This person wants to Eat
Desire_1.2570062298612517e+19_Eat,Eat,This person wants to Eat
Desire_2.872655830221915e+18_Eat,Eat,This person wants to Eat
Desire_1.8007937544629445e+19_Eat,Eat,This person wants to Eat
Desire_6.465053434071142e+18_Eat,Eat,This person wants to Eat
Desire_1.4889245346421422e+19_Eat,Eat,This person wants to Eat
Desire_7.005923952725801e+18_Eat,Eat,This person wants to Eat
Desire_8.648734714916215e+18_Eat,Eat,This person wants to Eat
Desire_7.02800952293262e+18_Eat,Eat,This person wants to Eat
Desire_6.019640749668753e+18_Eat,Eat,This person wants to Eat
Desire_1.7853932439208163e+19_Eat,Eat,This person wants to Eat
Desire_9.752721264376769e+18_Eat,Eat,This person wants to Eat
Desire_1.9031778458312663e+18_Eat,Eat,This person wants to Eat
Desire_8.817197135566641e+18_Eat,Eat,This person wants to Eat
Desire_1.780530770474748e+19_Eat,Eat,This person wants to Eat
Desire_1.888417033530863e+18_Eat,Eat,This person wants to Eat
Desire_1.6500146314827518e+19_Eat,Eat,This person wants to Eat
Desire_1.5592424193339888e+19_Eat,Eat,This person wants to Eat
Desire_1.5728177041897677e+18_Eat,Eat,This person wants to Eat
Desire_1.652028059719652e+19_Eat,Eat,This person wants to Eat
Desire_1.8953927523371348e+18_Eat,Eat,This person wants to Eat
Desire_1.794279990241612e+19_Eat,Eat,This person wants to Eat
Desire_8.195644479175233e+18_Eat,Eat,This person wants to Eat
Desire_1.6917119481983814e+19_Eat,Eat,This person wants to Eat
Desire_3.4126440299563955e+18_Eat,Eat,This person wants to Eat
Desire_1.600073631480728e+19_Eat,Eat,This person wants to Eat
Desire_3.528047916684825e+18_Eat,Eat,This person wants to Eat
Desire_1.7967995631358116e+19_Eat,Eat,This person wants to Eat
Desire_3.998401973167556e+18_Eat,Eat,This person wants to Eat
Desire_3.8773611932868695e+18_Eat,Eat,This person wants to Eat
Desire_1.053853596220399e+19_Eat,Eat,This person wants to Eat
Desire_7.139789957896439e+17_Eat,Eat,This person wants to Eat
Desire_9.120097520813382e+18_Eat,Eat,This person wants to Eat
Desire_3.165813878537635e+17_Eat,Eat,This person wants to Eat
Desire_9.852548034248737e+18_Eat,Eat,This person wants to Eat
Desire_1.4856572032994882e+19_Eat,Eat,This person wants to Eat
Desire_7.585579651725047e+18_Eat,Eat,This person wants to Eat
Desire_1.0558365381774238e+19_Eat,Eat,This person wants to Eat
Desire_1.3791572627606624e+19_Eat,Eat,This person wants to Eat
Desire_2.7484233449303926e+18_Eat,Eat,This person wants to Eat
Desire_2.482642742387987e+17_Eat,Eat,This person wants to Eat
Desire_1.059694622348323e+19_Eat,Eat,This person wants to Eat
Desire_1.0368088571597838e+19_Eat,Eat,This person wants to Eat
Desire_8.312703196149066e+18_Eat,Eat,This person wants to Eat
Desire_2.0466248469094564e+18_Eat,Eat,This person wants to Eat
Desire_3.4321986545268183e+18_Eat,Eat,This person wants to Eat
Desire_2.538234382812786e+18_Eat,Eat,This person wants to Eat
Desire_8.791245638137799e+18_Eat,Eat,This person wants to Eat
Desire_7.161658245780038e+18_Eat,Eat,This person wants to Eat
Desire_1.1622750662515053e+19_Eat,Eat,This person wants to Eat
Desire_7.551527622702291e+18_Eat,Eat,This person wants to Eat
Desire_1.1790762082925036e+18_Eat,Eat,This person wants to Eat
Desire_1.5927610789597712e+19_Eat,Eat,This person wants to Eat
Desire_7.11414018591109e+18_Eat,Eat,This person wants to Eat
Desire_1.5816374205146565e+18_Eat,Eat,This person wants to Eat
Desire_1.2995135131739003e+18_Eat,Eat,This person wants to Eat
Desire_7.14936937198857e+18_Eat,Eat,This person wants to Eat
Desire_1.571561036618997e+19_Eat,Eat,This person wants to Eat
Desire_1.0271444320817467e+19_Eat,Eat,This person wants to Eat
Desire_1.6679087277002404e+19_Eat,Eat,This person wants to Eat
Desire_1.119985564850359e+19_Eat,Eat,This person wants to Eat
Desire_9.938243405867831e+18_Eat,Eat,This person wants to Eat
Desire_1.0942668484775938e+19_Eat,Eat,This person wants to Eat
Desire_1.8255085716495344e+19_Eat,Eat,This person wants to Eat
Desire_1.576551595015955e+19_Eat,Eat,This person wants to Eat
Desire_1.5290685487589716e+19_Eat,Eat,This person wants to Eat
Desire_1.546964218954864e+19_Eat,Eat,This person wants to Eat
Desire_1.6103762870140246e+19_Eat,Eat,This person wants to Eat
Desire_8.825560517050985e+18_Eat,Eat,This person wants to Eat
Desire_9.61323647057539e+18_Eat,Eat,This person wants to Eat
Desire_1.3116857566883494e+19_Eat,Eat,This person wants to Eat
Desire_1.6388242513416372e+19_Eat,Eat,This person wants to Eat
Desire_4.861649845519968e+18_Eat,Eat,This person wants to Eat
Desire_5.289908218101894e+18_Eat,Eat,This person wants to Eat
Desire_4.69831181105946e+18_Eat,Eat,This person wants to Eat
Desire_1.5487009862532698e+19_Eat,Eat,This person wants to Eat
Desire_2.991835496064246e+18_Eat,Eat,This person wants to Eat
Desire_7.786236113819334e+17_Eat,Eat,This person wants to Eat
Desire_1.7583778711253844e+19_Eat,Eat,This person wants to Eat
Desire_1.4353873955983856e+19_Eat,Eat,This person wants to Eat
Desire_6.100659151355467e+18_Eat,Eat,This person wants to Eat
Desire_1.4054626297763674e+18_Eat,Eat,This person wants to Eat
Desire_1.5408796699814836e+19_Eat,Eat,This person wants to Eat
Desire_1.0307062368008014e+19_Eat,Eat,This person wants to Eat
Desire_2.324936984547579e+18_Eat,Eat,This person wants to Eat
Desire_6.331375487660726e+18_Eat,Eat,This person wants to Eat
Desire_7.501496856336118e+18_Eat,Eat,This person wants to Eat
Desire_3.365395018619174e+18_Eat,Eat,This person wants to Eat
Desire_1.7541014520232344e+19_Eat,Eat,This person wants to Eat
Desire_7.386184325477719e+18_Eat,Eat,This person wants to Eat
Desire_6.922062631931972e+18_Eat,Eat,This person wants to Eat
Desire_5.692589066604245e+18_Eat,Eat,This person wants to Eat
Desire_9.710256551621691e+18_Eat,Eat,This person wants to Eat
Desire_1.1449406386634664e+19_Eat,Eat,This person wants to Eat
Desire_5.359293503781015e+18_Eat,Eat,This person wants to Eat
Desire_1.4116934925204986e+19_Eat,Eat,This person wants to Eat
Desire_1.430521832384706e+19_Eat,Eat,This person wants to Eat
Desire_9.296294215733793e+18_Eat,Eat,This person wants to Eat
Desire_2.6787865012867287e+18_Eat,Eat,This person wants to Eat
Desire_1.790214655324211e+19_Eat,Eat,This person wants to Eat
Desire_7.089363643698042e+17_Eat,Eat,This person wants to Eat
Desire_2.424080786747907e+18_Eat,Eat,This person wants to Eat
Desire_1.5137137022073264e+17_Eat,Eat,This person wants to Eat
Desire_1.5115390000386484e+19_Eat,Eat,This person wants to Eat
Desire_7.988791786712895e+18_Eat,Eat,This person wants to Eat
Desire_9.669790457571908e+18_Eat,Eat,This person wants to Eat
Desire_1.4061860517819589e+19_Eat,Eat,This person wants to Eat
Desire_6.798756990101228e+18_Eat,Eat,This person wants to Eat
Desire_8.369226427629497e+18_Eat,Eat,This person wants to Eat
Desire_8.107242217601646e+18_Eat,Eat,This person wants to Eat
Desire_1.2697606935619937e+18_Eat,Eat,This person wants to Eat
Desire_6.657579935064872e+18_Eat,Eat,This person wants to Eat
Desire_1.3739254322241587e+19_Eat,Eat,This person wants to Eat
Desire_1.785141798677858e+18_Eat,Eat,This person wants to Eat
Desire_1.6873446398082306e+19_Eat,Eat,This person wants to Eat
Desire_1.0043814937215672e+19_Eat,Eat,This person wants to Eat
Desire_1.2020812521800663e+19_Eat,Eat,This person wants to Eat
Desire_9.631969466687762e+18_Eat,Eat,This person wants to Eat
Desire_1.7167963350302224e+19_Eat,Eat,This person wants to Eat
Desire_8.475913921031884e+18_Eat,Eat,This person wants to Eat
Desire_4.656926761388292e+18_Eat,Eat,This person wants to Eat
Desire_1.7069498517060649e+19_Eat,Eat,This person wants to Eat
Desire_6.5298999260912e+18_Eat,Eat,This person wants to Eat
Desire_1.411938532254932e+19_Eat,Eat,This person wants to Eat
Desire_1.0772947453797687e+19_Eat,Eat,This person wants to Eat
Desire_1.482967238165699e+17_Eat,Eat,This person wants to Eat
Desire_1.3476635412429447e+19_Eat,Eat,This person wants to Eat
Desire_1.7806091629950724e+19_Eat,Eat,This person wants to Eat
Desire_7.384823243831545e+18_Eat,Eat,This person wants to Eat
Desire_1.244016620818267e+19_Eat,Eat,This person wants to Eat
Desire_1.244421200394297e+19_Eat,Eat,This person wants to Eat
Desire_1.4763044118770524e+19_Eat,Eat,This person wants to Eat
Desire_8.834475338571241e+18_Eat,Eat,This person wants to Eat
Desire_1.747247572408897e+18_Eat,Eat,This person wants to Eat
Desire_1.7286914747629963e+19_Eat,Eat,This person wants to Eat
Desire_1.5770470083677565e+19_Eat,Eat,This person wants to Eat
Desire_4.962103535345305e+18_Eat,Eat,This person wants to Eat
Desire_3.4229236089524065e+18_Eat,Eat,This person wants to Eat
Desire_1.4037676013830228e+19_Eat,Eat,This person wants to Eat
Desire_1.5896555761913944e+19_Eat,Eat,This person wants to Eat
Desire_9.27255028491063e+18_Eat,Eat,This person wants to Eat
Desire_8.643520896679815e+18_Eat,Eat,This person wants to Eat
Desire_8.500648787554244e+18_Eat,Eat,This person wants to Eat
Desire_1.1556924805766438e+18_Eat,Eat,This person wants to Eat
Desire_1.6706755150715597e+19_Eat,Eat,This person wants to Eat
Desire_7.820353102365304e+17_Eat,Eat,This person wants to Eat
Desire_7.099351323085786e+18_Eat,Eat,This person wants to Eat
Desire_1.7592357692839674e+19_Eat,Eat,This person wants to Eat
Desire_7.596654148331912e+18_Eat,Eat,This person wants to Eat
Desire_1.667953491221693e+19_Eat,Eat,This person wants to Eat
Desire_4.203343669542593e+18_Eat,Eat,This person wants to Eat
Desire_1.2558435229703498e+19_Eat,Eat,This person wants to Eat
Desire_1.1186697631809948e+19_Eat,Eat,This person wants to Eat
Desire_2.8021213099495634e+18_Eat,Eat,This person wants to Eat
Desire_9.742166303539497e+18_Eat,Eat,This person wants to Eat
Desire_1.5453385088281063e+19_Eat,Eat,This person wants to Eat
Desire_1.5259544487377488e+19_Eat,Eat,This person wants to Eat
Desire_1.5321320218924052e+19_Eat,Eat,This person wants to Eat
Desire_1.611234312100893e+19_Eat,Eat,This person wants to Eat
Desire_8.206070208907423e+18_Eat,Eat,This person wants to Eat
Desire_5.236329886811964e+18_Eat,Eat,This person wants to Eat
Desire_4.609251293710919e+18_Eat,Eat,This person wants to Eat
